id,title,description,published_at,channel_id,channel_title,thumbnail_url,duration,view_count,like_count,comment_count,tags
nIeUbkAw7aU,#dance #fancam #kpop #cheerleader #gidle #富邦悍將 #gpop #fubonguardians #volleyball #dancegenre,,2025-02-02T01:10:32Z,UCGR7sdlwzLBAFtsnSNErncg,Vinay Kumar,https://i.ytimg.com/vi/nIeUbkAw7aU/hqdefault.jpg,PT5S,9439490,56349,751,[]
K9mNU4aSCjU,[K-Fancam] 캣츠아이 메간 직캠 'Gnarly' (KATSEYE Megan Fancam) @뮤직뱅크(Music Bank) 250502,"#KATSEYE #Megan #Gnarly  #Fancam

More from #KBSKPOP

Twitter: https://twitter.com/StudioK_twt
Instagram: https://www.instagram.com/kbs_kpop_official/",2025-05-02T10:59:09Z,UCeLPm9yH_a_QH8n6445G-Ow,KBS Kpop,https://i.ytimg.com/vi/K9mNU4aSCjU/hqdefault.jpg,PT3M6S,12745,1097,35,"['KBS', 'KPOP', '뮤직', 'KBSKPOP', 'K-POP', '케이팝', 'kpop', 'KBSKpop', '음악', 'kbs kpop']"
lGd_IL_MOn4,Ahyeon Babymonster [CLICK CLACK Fancam] #kpop #babymonster #ahyeon #clickclack #dance #fyp #shorts,"CLICK CLACK - Babymonster [Ahyeon Fancam]

My Pinterest:
https://pin.it/7ghCmb0q8

#kpop #babymonster #ahyeon #clickclack #dance #funny #fypシ゚ #shortvideo",2024-11-22T11:48:16Z,UC-jjA9bb8a-fJUyjRGdak1Q,𝒌𝒔𝒖𝒗𝒒𝒙𝒛 💋,https://i.ytimg.com/vi/lGd_IL_MOn4/hqdefault.jpg,PT15S,1915166,129245,449,[]
Cta2y5PyGR0,#kpop#dance#fancam#cheerleader#富邦悍將#gpop#fubonguardians#volleyball#dancegenre#volleyballwor,,2025-05-04T06:30:10Z,UCKuMiqmB0B3bWYfuxQ_ELVw,Himanshu AI king,https://i.ytimg.com/vi/Cta2y5PyGR0/hqdefault.jpg,PT6S,6264,25,1,[]
D7Gn7HDfvnc,MOST VIEWED DREAM ACADEMY FANCAM IN 24 HOURS (MISSION 3) #shorts #kpop #dreamacademyhq #fancam #hybe,"#geffen #dreamacademy 

dream academy 
dream academy fancam
dream academy performance
dream academy mission 3
mission 3 dream academy
buttons dream academy",2023-10-29T15:00:14Z,UC_zOP9AmszMWoDOc5h6iGlg,TZUWICE,https://i.ytimg.com/vi/D7Gn7HDfvnc/hqdefault.jpg,PT1M,459814,32323,805,[]
